split,disc_variant,term,coef,se,t,df_t
test,softmin_dist,const,2.484363374744321,0.18368595379700323,13.525059066246646,155
test,softmin_dist,z_disc,-0.7685289316037901,0.1159171800620082,-6.629982986065368,155
test,softmin_dist,z_clarity,0.33129546995237213,0.09514784215730632,3.4819020845963795,155
test,softmin_dist,z_len_chars,-0.049049425963420795,0.027732521267861108,-1.7686608977837006,155
test,softmin_dist,cond_far,-0.08845292006163827,0.2644735468892373,-0.33444902562857354,155
test,softmin_dist,cond_split,-0.007606180311891336,0.14659889196047604,-0.051884296055539146,155
