split,disc_variant,term,coef,se,t,df_t
test,inv_nearest_competitor,const,2.311753389799531,0.1730980476302979,13.355167325381764,155
test,inv_nearest_competitor,z_disc,-0.35329701802756774,0.04286111479014445,-8.242833154419152,155
test,inv_nearest_competitor,z_clarity,0.385759823258755,0.09174201186578533,4.204832828640223,155
test,inv_nearest_competitor,z_len_chars,-0.04329206508033107,0.028235034077242673,-1.5332747593609,155
test,inv_nearest_competitor,cond_far,0.3834023086105118,0.25268145942739006,1.5173345503043738,155
test,inv_nearest_competitor,cond_split,-0.08543301333474586,0.14972508920290983,-0.5705991814034966,155
