split,disc_variant,term,coef,se,t,df_t
test,original,const,2.4772785849466996,0.18331540574943592,13.513750111830536,155
test,original,z_disc,-0.7554043729275953,0.11451027765513193,-6.596825965286976,155
test,original,z_clarity,0.3359234510521755,0.09523639098445742,3.5272593551660125,155
test,original,z_len_chars,-0.04951174058693354,0.02771805037227024,-1.7862634608841825,155
test,original,cond_far,-0.07379864756334174,0.2641132478136813,-0.2794204689626285,155
test,original,cond_split,-0.004055724197252093,0.14651531961137726,-0.02768122956704902,155
