split,disc_variant,term,coef,se,t,df_t
test,gap_norm,const,2.2439056344680526,0.17301093374128906,12.9697331026689,155
test,gap_norm,z_disc,-0.2535644727783457,0.043999808642065,-5.76285398968602,155
test,gap_norm,z_clarity,0.7414225499556027,0.10244872584198374,7.2370109424217555,155
test,gap_norm,z_len_chars,-0.05825129172495946,0.028202860345568678,-2.0654391438034434,155
test,gap_norm,cond_far,0.4084875657874519,0.24547394560216787,1.6640770766339301,155
test,gap_norm,cond_split,0.11986082916895953,0.1502730481883607,0.7976202693294623,155
