split,disc_variant,term,coef,se,t,df_t
test,tdiff_abs,const,2.3383767872881323,0.16370078483285416,14.284456789108981,155
test,tdiff_abs,z_disc,0.2651802700751686,0.09976627462844,2.6580151565524592,155
test,tdiff_abs,z_clarity,0.8394403951010871,0.13495866699240047,6.219981375100245,155
test,tdiff_abs,z_len_chars,-0.06618290065460142,0.028182585898145138,-2.348361534097455,155
test,tdiff_abs,cond_far,0.2852840852247768,0.22350496577951662,1.2764105004548494,155
test,tdiff_abs,cond_split,-0.0013036270237472085,0.1543766159543643,-0.008444459128010536,155
