split,disc_variant,term,coef,se,t,df_t
test,log_ratio_near_far,const,2.2681031166892964,0.17276743336807765,13.128070912862073,155
test,log_ratio_near_far,z_disc,0.2839113267156923,0.041023470930077785,6.920704666838242,155
test,log_ratio_near_far,z_clarity,0.7820662932509691,0.10361723470269657,7.547646832063318,155
test,log_ratio_near_far,z_len_chars,-0.05513965051604968,0.028219417888858185,-1.9539613018672635,155
test,log_ratio_near_far,cond_far,0.34151450321676935,0.24480947829119595,1.395021571879438,155
test,log_ratio_near_far,cond_split,0.12613559346429856,0.14903594735415845,0.8463434205209491,155
