split,disc_variant,term,coef,se,t,df_t
test,ratio_near_far,const,2.2297711588769866,0.17302600124362674,12.886913775100135,155
test,ratio_near_far,z_disc,0.2163070103403663,0.04732730182236053,4.570448810968739,155
test,ratio_near_far,z_clarity,0.7045658482669084,0.10176615212792826,6.923381041087338,155
test,ratio_near_far,z_len_chars,-0.061714307351984896,0.028088672937393307,-2.1971243529211786,155
test,ratio_near_far,cond_far,0.47119818217258774,0.24577756801877523,1.917173263495684,155
test,ratio_near_far,cond_split,0.09070257994932973,0.15032624808813538,0.6033715409178,155
