split,disc_variant,term,coef,se,t,df_t
test,farthest_distractor,const,2.477278584946699,0.18331540574943606,13.513750111830523,155
test,farthest_distractor,z_disc,-1.380389107571088,0.20925049635002474,-6.596825965287249,155
test,farthest_distractor,z_clarity,2.2576743074100025,0.29035203632100093,7.775644820737587,155
test,farthest_distractor,z_len_chars,-0.04951174058693412,0.027718050372270167,-1.786263460884208,155
test,farthest_distractor,cond_far,-0.07379864756334216,0.2641132478136804,-0.279420468962631,155
test,farthest_distractor,cond_split,-0.004055724197252181,0.14651531961137756,-0.027681229567049558,155
