split,disc_variant,term,coef,se,t,df_t
test,d12_over_nearest,const,2.2789143814867825,0.17247819551162122,13.212767994973799,155
test,d12_over_nearest,z_disc,-0.29329980869974753,0.0382638675076602,-7.665189846296395,155
test,d12_over_nearest,z_clarity,0.7834450006321982,0.10682774039488147,7.333722474483193,155
test,d12_over_nearest,z_len_chars,-0.050327821205127056,0.028238125695187292,-1.7822649331752418,155
test,d12_over_nearest,cond_far,0.3676873402373661,0.24037335232352322,1.5296510061668087,155
test,d12_over_nearest,cond_split,0.11769417397872743,0.14393623759099414,0.8176827180460591,155
