split,disc_variant,term,coef,se,t,df_t
train,gap_norm,const,2.2601820334519664,0.06782948833076666,33.32152562363904,619
train,gap_norm,z_disc,-0.28700256321723633,0.029824539249864834,-9.623034267613606,619
train,gap_norm,z_clarity,0.8366455801705716,0.0541700680509426,15.44479470440712,619
train,gap_norm,z_len_chars,-0.04237051887240028,0.017813347283300984,-2.378582654823121,619
train,gap_norm,cond_far,0.29411904859229693,0.10682787441634219,2.753205099317258,619
train,gap_norm,cond_split,0.13902503993885526,0.0734252234780804,1.8934234497816453,619
