split,disc_variant,term,coef,se,t,df_t
train,d12_over_nearest,const,2.288890768165362,0.06840385887425207,33.46142755444641,619
train,d12_over_nearest,z_disc,-0.293878467757039,0.02411664163982248,-12.185712759929794,619
train,d12_over_nearest,z_clarity,0.857679387759319,0.05588478962638779,15.34727773859845,619
train,d12_over_nearest,z_len_chars,-0.034402991820625166,0.017995492578614686,-1.9117560505961737,619
train,d12_over_nearest,cond_far,0.29384536266611694,0.10360305248171958,2.836261631557284,619
train,d12_over_nearest,cond_split,0.11121977793688913,0.07042667398743029,1.5792280344907326,619
