split,disc_variant,term,coef,se,t,df_t
test,gap_near_far,const,2.477278584946702,0.18331540574943714,13.513750111830458,155
test,gap_near_far,z_disc,-0.5610466460032637,0.08504796836471529,-6.59682596528703,155
test,gap_near_far,z_clarity,1.2967988792310834,0.15959670281375232,8.125474125517707,155
test,gap_near_far,z_len_chars,-0.049511740586947996,0.027718050372270417,-1.7862634608846926,155
test,gap_near_far,cond_far,-0.07379864756334044,0.26411324781368245,-0.27942046896262235,155
test,gap_near_far,cond_split,-0.004055724197252181,0.14651531961137737,-0.027681229567049596,155
