split,disc_variant,term,coef,se,t,df_t
test,inv_mean_competitor,const,2.4324416834726392,0.16799078568510245,14.479613709481864,155
test,inv_mean_competitor,z_disc,-0.49888753129455404,0.08952491498837832,-5.57261105871273,155
test,inv_mean_competitor,z_clarity,0.1907490851653018,0.11341581239696621,1.681856181549551,155
test,inv_mean_competitor,z_len_chars,-0.05093181059598519,0.027453786764837906,-1.8551834408948396,155
test,inv_mean_competitor,cond_far,0.371938626097295,0.2530617120178436,1.469754642579314,155
test,inv_mean_competitor,cond_split,-0.4932159608007731,0.15109635643821331,-3.2642478774957104,155
