split,disc_variant,term,coef,se,t,df_t
test,neglog_nearest_competitor,const,2.397544284801964,0.17383757274320166,13.791864710074456,155
test,neglog_nearest_competitor,z_disc,-0.534793855880094,0.06499028214417077,-8.228828037609338,155
test,neglog_nearest_competitor,z_clarity,0.33074269308684934,0.09313819747239685,3.551096135233568,155
test,neglog_nearest_competitor,z_len_chars,-0.04033530131759978,0.0281217387408891,-1.4343103635676735,155
test,neglog_nearest_competitor,cond_far,0.10310211457287335,0.2543539003606775,0.40534906060678866,155
test,neglog_nearest_competitor,cond_split,-0.05102645483952151,0.14959759327964028,-0.3410914154490347,155
