split,disc_variant,term,coef,se,t,df_t
test,nearest_competitor_signed,const,2.270575244582891,0.17588351370721816,12.9095399376804,155
test,nearest_competitor_signed,z_disc,-0.053834398629041255,0.07196502165298956,-0.7480633979188815,155
test,nearest_competitor_signed,z_clarity,0.6377709086159181,0.09860269683399335,6.468087882927419,155
test,nearest_competitor_signed,z_len_chars,-0.07425211940850109,0.027479407441416207,-2.702100457107759,155
test,nearest_competitor_signed,cond_far,0.5782038318887148,0.23032887363867433,2.5103402050919814,155
test,nearest_competitor_signed,cond_split,-0.15817437402122667,0.1622552956365287,-0.9748487616426166,155
