split,disc_variant,term,coef,se,t,df_t
test,d12_only,const,2.22254629356742,0.1702298926215436,13.056145776397816,155
test,d12_only,z_disc,-0.20299167010306618,0.07192498591718079,-2.822269167168198,155
test,d12_only,z_clarity,0.7981387831531759,0.11736760847375441,6.800332677236536,155
test,d12_only,z_len_chars,-0.06893148990124931,0.0278266219966713,-2.4771777871383414,155
test,d12_only,cond_far,0.6274300513733129,0.23522258121214198,2.6673886841138255,155
test,d12_only,cond_split,0.0007152752163007729,0.15058453788277748,0.00474999111035941,155
