condition,n,acc,disc_primary,disc_legacy_eq9,clarity,len_tokens,len_chars,err_lo,err_hi
close,4155,0.8336943441636583,-9.896510228640192,12.556438026474128,12.38231046931408,2.259927797833935,11.538868832731648,0.011629100242750545,0.011012643426833946
far,3494,0.9679450486548369,-34.109330280480826,45.94161419576417,45.1443903835146,1.5188895248998282,7.347166571265026,0.006373912898871792,0.005346083790023881
split,3841,0.8942983598021349,-13.007289768289509,46.927883363707366,29.952486331684458,2.0432179120020826,10.25436084353033,0.010120247574837427,0.00933234465167665
