condition,n,acc,disc_primary,disc_legacy_eq9,clarity,len_tokens,len_chars,err_lo,err_hi
close,16547,0.8258294554904212,-9.924759775185834,12.47186801232852,12.40297334864326,2.3268870490119054,11.85544207409198,0.0058540276632479404,0.005702777294624761
far,14199,0.9671103598844989,-34.194661595887034,45.41291640256356,45.08873864356645,1.4801746601873371,7.18508345658145,0.0030621675474947763,0.002809487797823862
split,15468,0.8944918541505043,-12.971166278769072,47.18140677527799,30.01196017584691,2.076803723816912,10.436384794414275,0.004939639304280874,0.004743744818566098
