term,coef,se,df_t
const,2.4304601242271056,0.08690225895664656,155
z_disc,0.34843781927959006,0.0750997442646436,155
z_clarity,0.964441803650719,0.10703607752630312,155
z_len_chars,-0.0666105243620397,0.027948508398415832,155
