term,coef,se,df_t
const,2.4058311864160604,0.0885219354968255,155
z_disc,-0.2782972840781327,0.036654664892061636,155
z_clarity,0.8901329606324845,0.0752581880210199,155
z_len_chars,-0.06147734754902295,0.02786667973242687,155
