term,coef,se,df_t
const,2.402848416676467,0.08616001132918584,155
z_disc,-0.5688674711485583,0.05592363172449434,155
z_clarity,0.31536241359319045,0.0623516744399384,155
z_len_chars,-0.04045887958034366,0.027884965641573355,155
