term,coef,se,df_t
const,2.4526318303233428,0.09062148402454391,155
z_disc,-0.5389751287173977,0.0640992081202075,155
z_clarity,1.2563830191863463,0.11185171456076703,155
z_len_chars,-0.049707270903688976,0.027699197226876488,155
