term,coef,se,df_t
const,2.4526318303233414,0.09062148402454359,155
z_disc,-0.7256868426764816,0.08630444983520899,155
z_clarity,0.3333083314159058,0.06707558396307024,155
z_len_chars,-0.049707270903689725,0.027699197226876447,155
