term,coef,se,df_t
const,2.359132834717385,0.08446854929322069,155
z_disc,0.04359907842629856,0.05502878057568149,155
z_clarity,0.7718626026711194,0.07375624361128587,155
z_len_chars,-0.08664585668847258,0.027182941625748434,155
