term,coef,se,df_t
const,2.452631830323341,0.09062148402454379,155
z_disc,-1.3260847422103539,0.1577085422814409,155
z_clarity,2.1794577069567853,0.21124749357802972,155
z_len_chars,-0.04970727090368867,0.02769919722687646,155
