term,coef,se,df_t
const,2.4537277694763544,0.09077085075427622,155
z_disc,-0.7340193235372521,0.08696315777987505,155
z_clarity,0.32682215535052805,0.06675540026878748,155
z_len_chars,-0.04927409188614357,0.027720230013692643,155
