term,coef,se,df_t
const,2.3946725147455226,0.09013871436087348,155
z_disc,-0.25646787080603,0.06625656542480297,155
z_clarity,1.0206563393311985,0.10213437959041943,155
z_len_chars,-0.07908972227452908,0.027278974456837777,155
