term,coef,se,df_t
const,2.3717574895162103,0.08579613530345412,155
z_disc,-0.38912010764013,0.041343204250164224,155
z_clarity,0.43009764855898996,0.059654885389793445,155
z_len_chars,-0.04894421755675621,0.027754831723239847,155
