term,coef,se,df_t
const,2.396461092645628,0.0883006069224179,155
z_disc,0.2528317183187018,0.04020321401692268,155
z_clarity,0.8660574556597141,0.0739080771933078,155
z_len_chars,-0.06567781031913007,0.02775398057442878,155
