term,coef,se,df_t
const,2.4306263039008336,0.08981248496947597,155
z_disc,-0.3131891031572517,0.033523655602035185,155
z_clarity,0.9203160656220664,0.07887336390135284,155
z_len_chars,-0.053467354984037235,0.027885579817060968,155
