term,coef,se,df_t
const,2.4145032224670095,0.08845245931377986,155
z_disc,0.30025687846506866,0.03452059541592532,155
z_clarity,0.9117691578621111,0.07664874196541313,155
z_len_chars,-0.05781066089798517,0.02789936017730818,155
