term,coef,se,df_t
const,2.3335338725437746,0.08728520993560326,155
z_disc,-0.31518077342391176,0.08527536599383068,155
z_clarity,0.3952932170187319,0.09330309207575793,155
z_len_chars,-0.07310820617247864,0.02698148360838751,155
