feature,vif
z_disc,2.9973041720241125
z_clarity,2.9489278541106727
z_len_tokens,10.031881171708399
z_len_chars,10.089220823657262
