split,block,n_pos,n_neg,TP,FN,FP,TN,power_reject_if_violation,false_rejection_rate_if_holds
train,A2_outcome_disc,20,60,18,2,32,28,0.9,0.5333333333333333
train,A2_outcome_clarity,20,60,17,3,43,17,0.85,0.7166666666666667
train,A2_outcome_len,20,60,20,0,41,19,1.0,0.6833333333333333
train,A2_outcome_full,20,60,20,0,54,6,1.0,0.9
test,A2_outcome_disc,20,60,3,17,5,55,0.15,0.08333333333333333
test,A2_outcome_clarity,20,60,5,15,10,50,0.25,0.16666666666666666
test,A2_outcome_len,20,60,17,3,40,20,0.85,0.6666666666666666
test,A2_outcome_full,20,60,20,0,40,20,1.0,0.6666666666666666
