block,chi2,df,p
A2_outcome_disc,1.5952534766719952,2,0.45039660571761475
A2_outcome_clarity,0.13170017546026702,2,0.9362712123140593
A2_outcome_len,12.391720522507764,2,0.002037849362574118
A2_outcome_full,21.223330114452843,6,0.001672555639962714
A5_outcome_base,10.073208039341264,2,0.006495770412370261
A5_outcome|A2_outcome_full,2.127295589927438,2,0.3451943128109658
