block,chi2,df,p
A2_outcome_disc,1.1123269068512531,2,0.5734047432459104
A2_outcome_clarity,0.31603046074017,2,0.8538367776193361
A2_outcome_len,27.60562371945602,2,1.0127796691294932e-06
A2_outcome_full,41.98901621536402,6,1.8479759478218227e-07
A5_outcome_base,18.411301778879285,2,0.00010047004953683825
A5_outcome|A2_outcome_full,3.1044483362153703,2,0.21177642325070667
