block,chi2,df,p
A2_outcome_disc,0.4184321300137448,2,0.8112199404645049
A2_outcome_clarity,1.8628755036438989,2,0.393986847657256
A2_outcome_len,0.025627154713700296,2,0.9872681670070811
A2_outcome_full,5.379865643296027,6,0.49609379789498687
A5_outcome_base,2.2852977440267543,2,0.31897298317879097
A5_outcome|A2_outcome_full,0.23195284987240575,2,0.8904962165551293
