block,chi2,df,p
A2_outcome_disc,0.7694870827415659,2,0.6806251660208805
A2_outcome_clarity,0.25400321009324417,2,0.8807322589796852
A2_outcome_len,11.164114967246006,2,0.0037648115066324372
A2_outcome_full,21.0528838558883,6,0.0017949051118023585
A5_outcome_base,16.21127597623137,2,0.0003018326032576679
A5_outcome|A2_outcome_full,1.2704347493551589,2,0.5298203062809401
