term,coef,se,t,df_t
const,1.3459700285712168,0.09365764826794683,14.371170464589365,155
z_disc,-0.32554510958172733,0.05167099958022086,-6.300344723858269,155
z_clarity,0.14651242386468166,0.04355274218996516,3.3640229408663753,155
z_len_chars,-0.034593018905168506,0.014955308624250464,-2.313092947415002,155
cond_far,0.04205399472890931,0.13043071986387467,0.32242400235772206,155
cond_split,0.045117001251056776,0.07363684578249372,0.6126960052623928,155
