term,coef,se,t,df_t
const,2.4772785849466996,0.13773977278119298,17.985208882854696,311
z_disc,-0.7554043729275953,0.13397228482171886,-5.6385122783629145,311
z_clarity,0.3359234510521755,0.09602114180369915,3.4984321654799806,311
z_len_chars,-0.04951174058693354,0.029497318972973717,-1.67851663509818,311
cond_far,-0.07379864756334174,0.2442258829692175,-0.3021737363219746,311
cond_split,-0.004055724197252093,0.12838602380391645,-0.03159007559457085,311
