term,coef,se,t,df_t
const,2.4526318303233414,0.09044213137554395,27.118244484301776,155
z_disc,-0.7256868426764816,0.08480065054731774,-8.557562211996913,155
z_clarity,0.3333083314159058,0.06505110426153803,5.12379205856121,155
z_len_chars,-0.049707270903689725,0.027870585691577018,-1.7835029178705828,155
