term,coef,se,t,df_t
const,1.37521903417512,0.032432448138671965,42.402566352532894,311
z_disc,-0.319032866245932,0.0458612044085206,-6.956486868597341,311
z_clarity,0.17123877416548555,0.032854180925840915,5.212084713114869,311
z_len_chars,-0.035076781319935586,0.016031366756716594,-2.1880094100672745,311
