term,coef,se,t,df_t
const,2.4526318303233414,0.06895551946123851,35.56831780089804,311
z_disc,-0.7256868426764816,0.09891049742376164,-7.336803085393717,311
z_clarity,0.3333083314159058,0.06630508849295406,5.026889172334412,311
z_len_chars,-0.049707270903689725,0.029488998015631044,-1.685620884010427,311
