term,coef,se,t,df_t
const,1.3723002955841923,0.036166232350520376,37.94424263727452,619
z_disc,-0.37406621537135265,0.03692435060371793,-10.13061053898908,619
z_clarity,0.17338084079577423,0.02390542367905173,7.252782595428647,619
z_len_chars,-0.026397116288493148,0.009716066256783064,-2.7168522312272794,619
cond_far,-0.044260379881771436,0.0582599026800531,-0.7597056954392272,619
cond_split,0.042232439793579955,0.033874656304766285,1.2467267391178727,619
