term,coef,se,t,df_t
const,1.37521903417512,0.04599518909988248,29.89919296100108,155
z_disc,-0.319032866245932,0.03775567574093109,-8.449931301323979,155
z_clarity,0.17123877416548555,0.03389147774786238,5.052561456287813,155
z_len_chars,-0.035076781319935586,0.014930283517049786,-2.3493714154777643,155
