term,coef,se,t,df_t
const,2.4772785849466996,0.18068875321688468,13.710198010903135,155
z_disc,-0.7554043729275953,0.10888674494641976,-6.937523693074943,155
z_clarity,0.3359234510521755,0.09375356276432452,3.583047311989753,155
z_len_chars,-0.04951174058693354,0.027889075918361157,-1.7753094699827183,155
cond_far,-0.07379864756334174,0.25689556580497397,-0.2872710057571296,155
cond_split,-0.004055724197252093,0.1423204136346742,-0.028497136100677955,155
