term,coef,se,t,df_t
const,2.5204804422248723,0.06822933226787717,36.941303079577864,619
z_disc,-0.8481575992661814,0.07164439047213388,-11.838436947775733,619
z_clarity,0.37543637494424403,0.048832978310751535,7.688172786741217,619
z_len_chars,-0.03350239085191094,0.01751242607019673,-1.913063942004386,619
cond_far,-0.22790759334812544,0.11035743581235627,-2.0651765934072888,619
cond_split,-0.0003201684845659731,0.06307829239183338,-0.005075731641198084,619
