term,coef,se,t,df_t
const,1.3459700285712168,0.06793940718096605,19.811330189944673,311
z_disc,-0.32554510958172733,0.0651682802515152,-4.995453437244237,311
z_clarity,0.14651242386468166,0.045197970433223864,3.2415708594955883,311
z_len_chars,-0.034593018905168506,0.016026400220688675,-2.1585021232972803,311
cond_far,0.04205399472890931,0.12083433518188383,0.3480301742514514,311
cond_split,0.045117001251056776,0.06585974448185192,0.6850467095797655,311
