group,n,brier,ece,calib_intercept,calib_slope
close,4155,0.13575856632579142,0.019259830638746242,-0.5594268830424284,1.4082526397050426
far,3494,0.03101399361854664,0.0007042903315487292,2.0081024949616446,0.39283896682705627
split,3841,0.09294346565539498,0.006585206597349452,0.05797851955651258,0.9715396292948422
