group,bin,n,p_mean,y_mean,p_lo,p_hi
close,7,1137,0.7839494426564724,0.7669305189094108,0.7378324956140258,0.7997656851773765
close,8,3003,0.8420878069454315,0.8581418581418582,0.8000945082062028,0.8997243313845738
close,9,15,0.9030750563215262,1.0,0.9001907523422457,0.9063071308813573
far,9,3494,0.9663457870219726,0.9679450486548369,0.9011947228470127,0.9999801672660202
split,7,1,0.7829763949905582,1.0,0.7829763949905582,0.7829763949905582
split,8,1900,0.867505717196389,0.8647368421052631,0.8023153025655945,0.8999808195864093
split,9,1940,0.9215932592155609,0.9231958762886598,0.9000089580646808,0.9656487120179345
