group,bin,n,p_mean,y_mean,p_lo,p_hi
close,7,1346,0.7772725268595515,0.7600297176820208,0.7272477897338872,0.7999162922701235
close,8,2670,0.8457940499661217,0.8640449438202247,0.8000395245529636,0.8998734094412615
close,9,139,0.9058569168303641,0.9640287769784173,0.9000512125920634,0.9153416740528604
far,9,3494,0.9672407583232882,0.9679450486548369,0.9067897593614552,0.9997979143541307
split,7,58,0.7925990179914256,0.6896551724137931,0.7654573708090574,0.7999114267772607
split,8,1781,0.864431580635944,0.8714205502526671,0.8002550448928699,0.8999947776939339
split,9,2002,0.9240138264782881,0.9205794205794205,0.900017751489218,0.9672851600553991
