group,n,brier,ece,calib_intercept,calib_slope
close,4155,0.13608000625189956,0.01661003759288939,-0.9788803051213683,1.6758338571890905
far,3494,0.031019708978217122,0.0015992616328642795,2.1698183800466575,0.3455436860449187
split,3841,0.0930519703852025,0.0022356061962927835,-0.1902952016624664,1.0885408634647171
