term,coef,se,t,df_t
const,2.304385297303751,0.07452043791849336,30.92286306508517,619
cond_far,0.2845976284634946,0.11910560751425221,2.3894561675397155,619
cond_split,0.11748136232373771,0.06287739342698465,1.868419727992717,619
z_abs_t1,0.7889386187578629,0.0844398899020597,9.343198098350655,619
z_abs_t2,0.4998968694595204,0.045023096585731,11.103120561857375,619
z_d12,-0.2049777495630572,0.038361282366454155,-5.343349776604558,619
z_len_chars,-0.049427023608847806,0.017116293908253165,-2.8877176258941777,619
