term,coef,se,t,df_t
const,1.365562349117504,0.037031340334545776,36.8758553371507,619
cond_far,-0.03422430672629323,0.06315497152572024,-0.541909938354658,619
cond_split,0.05545213002813848,0.033527396338926325,1.6539348736649995,619
z_disc,-0.35965993977930055,0.04028155090548588,-8.928651744893939,619
z_abs_t1,0.11665071918600882,0.03210811709154103,3.6330601029463905,619
z_abs_t2,0.12868026743907934,0.02468330859240815,5.2132503613659615,619
z_d12,-0.01731511241884802,0.02105464432151602,-0.8223892151506675,619
z_len_chars,-0.026208779366901684,0.009713092679706681,-2.698293965799279,619
