term,coef,se,t,df_t
const,1.2666293132135475,0.03610199160614611,35.08474898093746,619
cond_far,0.21305346598815755,0.05771026723236763,3.691777498279604,619
cond_split,0.08144509124997158,0.03327761781403519,2.4474435551580034,619
z_abs_t1,0.3145121052346003,0.03611646874284362,8.708273986418455,619
z_abs_t2,0.2252001857504252,0.021900695988516586,10.28278671456408,619
z_d12,-0.08103654850948006,0.019174516422277986,-4.226262958857593,619
z_len_chars,-0.034817858549484305,0.009527668454330864,-3.654394432003731,619
