term,coef,se,t,df_t
const,1.4541830834091973,0.03566860105792795,40.769277187168534,862
cond_far,-0.11282241530601142,0.06224223679326594,-1.8126343319046305,862
cond_split,-0.02230001343624432,0.03810505461545284,-0.5852245499000266,862
z_disc,-0.5203965840507377,0.04607655179008879,-11.294173800624478,862
z_abs_t1,0.02320064093038934,0.03541588369233226,0.6550914028276078,862
z_abs_t2,0.08642797617152995,0.02381608789284233,3.628974521777145,862
z_d12,-0.061186542602481936,0.020410529432576107,-2.9977930168154048,862
z_len_chars,-0.020607832873059666,0.009494426195776277,-2.1705190443449163,862
z_abs_t1_x_abs_t2,-0.2072364516104944,0.030538858857926506,-6.785991990552233,862
