term,coef,se,t,df_t
const,2.5770932376103297,0.06975623735274816,36.944269579483,862
cond_far,-0.2023826668426446,0.1263751745094506,-1.6014432235463303,862
cond_split,-0.04655644839691193,0.07329943283865867,-0.635154278743037,862
z_disc,-0.9978016188929226,0.0938621785905566,-10.630497116900615,862
z_abs_t1,0.10380776831997507,0.0842557333629233,1.2320558397234915,862
z_abs_t2,0.20065308875987237,0.05350270236804445,3.750335588277059,862
z_d12,-0.1344577361334366,0.04295556388834522,-3.1301587957949706,862
z_len_chars,-0.02638487311571704,0.017266621028679856,-1.5280854935016972,862
z_abs_t1_x_abs_t2,-0.35008981642566833,0.07004597996030731,-4.998000122548823,862
