term,coef,se,t,df_t
const,1.3723002955841932,0.039515762033061695,34.72792184637688,862
cond_far,-0.04426037988177477,0.0684844860651804,-0.6462833033404056,862
cond_split,0.042232439793579,0.03562633042839592,1.1854277239824196,862
z_disc,-0.37406621537135276,0.04120558626401868,-9.07804618952826,862
z_clarity,0.17338084079577362,0.026029763072935922,6.660868956431028,862
z_len_chars,-0.02639711628849403,0.009584284956391976,-2.7542082073518896,862
