term,coef,se,t,df_t
const,1.3723002955841932,0.0361662323505202,37.944242637274726,619
cond_far,-0.04426037988177477,0.05825990268005297,-0.7597056954392861,619
cond_split,0.042232439793579,0.03387465630476627,1.246726739117845,619
z_disc,-0.37406621537135276,0.03692435060371782,-10.130610538989114,619
z_clarity,0.17338084079577362,0.023905423679051678,7.252782595428637,619
z_len_chars,-0.02639711628849403,0.00971606625678306,-2.716852231227371,619
