term,coef,se,t,df_t
const,1.2666293132135475,0.0350129440459362,36.1760299719943,862
cond_far,0.21305346598815755,0.05951636035602194,3.579746219588855,862
cond_split,0.08144509124997158,0.03567025126299716,2.283277755726362,862
z_abs_t1,0.3145121052346003,0.03751721570540239,8.383140894682953,862
z_abs_t2,0.2252001857504252,0.024999776487019017,9.008087967000787,862
z_d12,-0.08103654850948006,0.020884740921385876,-3.8801797357466383,862
z_len_chars,-0.034817858549484305,0.009272814316281484,-3.7548318516795995,862
