n_obs,term,coef_mean,coef_sd,z
44538,Intercept,2.6398840923768083,0.01601640347462457,164.82377560975422
44538,C(condition)[T.far],-0.21782391046577443,0.05002050597149916,-4.354692265405848
44538,C(condition)[T.split],-0.01902117771808617,0.02733329124381101,-0.695897817369252
44538,z_disc,-0.8706995900063604,0.022211342340915957,-39.20067399089281
44538,z_clarity,0.40187684948743135,0.01844403130756891,21.788991939224935
44538,z_len_chars,-0.07338939058242265,0.014486532201096988,-5.06604269149143
