n_obs,component,log_sd_mean,log_sd_sd,sd_mean_approx,sd_sd_delta
44538,worker,-0.43338400042997893,0.0284194935027579,0.6483114921083106,0.01842468423773541
