n_obs,term,coef_mean,coef_sd,z
46214,Intercept,2.7224190314717864,0.015789063518735727,172.4243510858824
46214,C(condition)[T.far],-0.2428996045737785,0.04843425815466816,-5.015037162293513
46214,C(condition)[T.split],-0.0003388261276989376,0.026987485734911627,-0.012554934943814511
46214,z_disc,-0.8946876652254074,0.021936196557773825,-40.785906657475905
46214,z_clarity,0.3920027349745014,0.018190497955749098,21.549862787049715
46214,z_len_chars,-0.07607834311139304,0.014340717178145926,-5.305058468577163
