n_obs,component,log_sd_mean,log_sd_sd,sd_mean_approx,sd_sd_delta
46214,game,-0.3781511883413903,0.02406849171933757,0.6851269096340801,0.016489971351223195
