term,coef,se,t,df_t
const,3.100915709370509,0.22782480589402376,13.610966098278816,155
z_disc,-1.171311488628905,0.175277563739433,-6.682609363341976,155
z_clarity,0.6634434400225921,0.17336636876090994,3.8268289562986055,155
z_len_chars,-0.015732618517445455,0.034839129637266146,-0.4515789768931784,155
cond_far,8.16657381168389,0.5981087490786726,13.653994903541687,155
cond_split,0.8088288044950893,0.20090558472171624,4.02591498695985,155
log_scale_far,1.3501150237058195,0.46265365668842456,2.918198103889749,155
log_scale_split,0.46215581978547726,0.3308578713907896,1.396840939110094,155
