term,coef,se,t,df_t
const,2.8915044702820882,0.07799932745216333,37.07088977216421,619
z_disc,-1.138848862202202,0.08795415302288356,-12.948210210220553,619
z_clarity,0.5420832806019119,0.06495598412306476,8.345394006730588,619
z_len_chars,-0.013913870450669424,0.018858325224511915,-0.7378105046456763,619
cond_far,3.036601178904141,0.1940256186786819,15.65051666673428,619
cond_split,0.3894898580761313,0.0764857727461406,5.092317748672868,619
log_scale_far,0.8037035363209035,0.1632828197786541,4.922156154642617,619
log_scale_split,0.2582948121786748,0.12265753347587055,2.1058210193790265,619
